{
  "tau": [0.16482099, 0.16482099],
  "accel_max": [2500.0, 2500.0]
}
