{
  "tau": [0.26482099, 0.26482099],
  "accel_max": [2000.0, 2000.0]
}
